title,type,release_year,rating,duration
Sankofa,Movie,1993,TV-MA,"125 min"
"Je Suis Karl",Movie,2021,TV-MA,"127 min"
"Avvai Shanmughi",Movie,1996,TV-PG,"161 min"
Jeans,Movie,1998,TV-14,"166 min"
"Minsara Kanavu",Movie,1997,TV-PG,"147 min"
Jaws,Movie,1975,PG,"124 min"
"Training Day",Movie,2001,R,"122 min"
"Tughlaq Durbar",Movie,2020,TV-14,"145 min"
"Tughlaq Durbar (Telugu)",Movie,2021,TV-14,"145 min"
"Omo Ghetto: the Saga",Movie,2020,TV-MA,"147 min"
"Angamaly Diaries",Movie,2017,TV-14,"128 min"
Anjaam,Movie,1994,TV-14,"143 min"
Chappie,Movie,2015,R,"121 min"
"Clear and Present Danger",Movie,1994,PG-13,"142 min"
"Cold Mountain",Movie,2003,R,"154 min"
"Freedom Writers",Movie,2007,PG-13,"124 min"
"Mystery Men",Movie,1999,PG-13,"121 min"
"Once Upon a Time in America",Movie,1984,R,"229 min"
"Tears of the Sun",Movie,2003,R,"121 min"
"The Guns of Navarone",Movie,1961,TV-14,"156 min"
"In the Line of Fire",Movie,1993,R,"129 min"
Thimmarusu,Movie,2021,TV-14,"125 min"
"C Kkompany",Movie,2008,TV-14,"127 min"
"EMI: Liya Hai To Chukana Padega",Movie,2008,TV-14,"128 min"
"Koi Aap Sa",Movie,2006,TV-14,"135 min"
"Krishna Cottage",Movie,2004,TV-14,"124 min"
"Kucch To Hai",Movie,2003,TV-14,"136 min"
"Kyaa Kool Hai Hum",Movie,2005,TV-MA,"165 min"
"Kyaa Kool Hain Hum 3",Movie,2016,TV-MA,"124 min"
"Kyaa Super Kool Hain Hum",Movie,2012,TV-MA,"136 min"
"Kyo Kii... Main Jhuth Nahin Bolta",Movie,2001,TV-14,"150 min"
"Once Upon a Time in Mumbaai",Movie,2010,TV-14,"133 min"
"Once Upon a Time in Mumbai Dobaara!",Movie,2013,TV-14,"142 min"
"SAS: Rise of the Black Swan",Movie,2021,R,"124 min"
"The Dirty Picture",Movie,2011,TV-14,"145 min"
Boomika,Movie,2021,TV-14,"122 min"
"Boomika (Hindi)",Movie,2021,TV-14,"122 min"
"Boomika (Malayalam)",Movie,2021,TV-14,"122 min"
"Boomika (Telugu)",Movie,2021,TV-14,"122 min"
Bombay,Movie,1995,TV-14,"135 min"
"Nneka The Pretty Serpent",Movie,2020,TV-14,"140 min"
"O Kadhal Kanmani",Movie,2015,TV-14,"133 min"
"The Piano",Movie,1993,R,"121 min"
"La diosa del asfalto",Movie,2020,TV-MA,"127 min"
"Takizawa Kabuki ZERO 2020 The Movie",Movie,2020,TV-PG,"139 min"
"Chennai Express",Movie,2013,TV-14,"135 min"
"Tango Feroz",Movie,1993,TV-MA,"124 min"
"Catch Me If You Can",Movie,2002,PG-13,"142 min"
Inception,Movie,2010,PG-13,"148 min"
Magnolia,Movie,1999,R,"189 min"
Seabiscuit,Movie,2003,PG-13,"141 min"
"Space Cowboys",Movie,2000,PG-13,"130 min"
"Valentine's Day",Movie,2010,PG-13,"125 min"
"Rurouni Kenshin: The Beginning",Movie,2021,TV-MA,"138 min"
Department,Movie,2012,TV-MA,"143 min"
Mimi,Movie,2021,TV-14,"132 min"
"Django Unchained",Movie,2012,R,"165 min"
"Blood Red Sky",Movie,2021,TV-MA,"123 min"
"La ley de Herodes",Movie,1999,R,"123 min"
"The Twilight Saga: Eclipse",Movie,2010,PG-13,"124 min"
"The Twilight Saga: New Moon",Movie,2009,PG-13,"131 min"
Twilight,Movie,2008,PG-13,"122 min"
"Major Grom: Plague Doctor",Movie,2021,TV-MA,"138 min"
"Return of the Prodigal Son",Movie,1976,TV-MA,"124 min"
"Truckbhar Swapna",Movie,2018,TV-14,"128 min"
Ujala,Movie,1959,TV-14,"143 min"
"Haseen Dillruba",Movie,2021,TV-MA,"136 min"
"RattleSnake - The Ahanna Story",Movie,2020,TV-MA,"136 min"
Snowpiercer,Movie,2013,R,"126 min"
"Air Force One",Movie,1997,R,"125 min"
"Boogie Nights",Movie,1997,R,"155 min"
"Memoirs of a Geisha",Movie,2005,PG-13,"145 min"
"Midnight Run",Movie,1988,R,"126 min"
"Seven Pounds",Movie,2008,PG-13,"123 min"
"Star Trek",Movie,2009,PG-13,"128 min"
"The Best of Enemies",Movie,2019,PG-13,"133 min"
"The Game",Movie,1997,R,"129 min"
"The Karate Kid",Movie,1984,PG,"127 min"
"The Life of David Gale",Movie,2003,R,"130 min"
"The Sum of All Fears",Movie,2002,PG-13,"124 min"
Underworld,Movie,2003,R,"121 min"
#Selfie,Movie,2014,TV-MA,"125 min"
"Mobile Suit Gundam II: Soldiers of Sorrow",Movie,1981,TV-14,"133 min"
"Mobile Suit Gundam III: Encounters in Space",Movie,1982,TV-MA,"140 min"
"A Family",Movie,2021,TV-MA,"135 min"
"Jagame Thandhiram",Movie,2021,TV-MA,"159 min"
"Mobile Suit Gundam I",Movie,1981,TV-14,"139 min"
"Rurouni Kenshin: The Final",Movie,2021,TV-14,"137 min"
"Silver Linings Playbook",Movie,2012,R,"122 min"
"Silver Skates",Movie,2020,TV-MA,"138 min"
"Headspace: Unwind Your Mind",Movie,2021,TV-G,"273 min"
"Gold Statue",Movie,2019,TV-14,"145 min"
"I Am Sam",Movie,2001,PG-13,"132 min"
"Million Dollar Baby",Movie,2004,PG-13,"133 min"
"Seven Souls in the Skull Castle: Season Moon Jogen",Movie,2017,TV-14,"204 min"
"Seven Souls in the Skull Castle: Season Moon Kagen",Movie,2017,TV-PG,"212 min"
"The Interpreter",Movie,2005,PG-13,"128 min"
"The Mirror Has Two Faces",Movie,1996,PG-13,"127 min"
"The Outlaw Josey Wales",Movie,1976,PG,"136 min"
"99 Songs",Movie,2021,TV-14,"131 min"
"99 Songs (Tamil)",Movie,2021,TV-14,"131 min"
"99 Songs (Telugu)",Movie,2021,TV-14,"131 min"
"Army of the Dead",Movie,2021,R,"148 min"
"Sardar Ka Grandson",Movie,2021,TV-14,"140 min"
"Dear Affy",Movie,2020,TV-14,"126 min"
Nayattu,Movie,2021,TV-MA,"122 min"
"Mystic River",Movie,2003,R,"138 min"
Stargate,Movie,1994,PG-13,"121 min"
"State of Play",Movie,2009,PG-13,"127 min"
"The Lovely Bones",Movie,2009,PG-13,"136 min"
"The Disciple",Movie,2021,TV-MA,"128 min"
"Things Heard & Seen",Movie,2021,TV-MA,"121 min"
"August: Osage County",Movie,2014,R,"121 min"
One,Movie,2020,TV-PG,"149 min"
"Among Family",Movie,2017,TV-14,"127 min"
G.O.R.A,Movie,2004,TV-MA,"123 min"
"Wild Dog",Movie,2020,TV-MA,"126 min"
"Miss Sloane",Movie,2016,R,"132 min"
"American Me",Movie,1992,R,"126 min"
"Jaane Tu... Ya Jaane Na",Movie,2008,TV-14,"147 min"
Lagaan,Movie,2001,PG,"224 min"
"Madness in the Desert",Movie,2004,TV-14,"141 min"
"Taare Zameen Par",Movie,2007,PG,"162 min"
"Ajeeb Daastaans",Movie,2021,TV-MA,"142 min"
Rush,Movie,2013,R,"123 min"
"The Zookeeper's Wife",Movie,2017,PG-13,"127 min"
"Ride or Die",Movie,2021,TV-MA,"143 min"
"The Master",Movie,2012,R,"137 min"
"The Soul",Movie,2021,TV-MA,"130 min"
Uppena,Movie,2020,TV-14,"145 min"
"Night in Paradise",Movie,2021,TV-MA,"132 min"
Roohi,Movie,2021,TV-14,"133 min"
Mandela,Movie,2021,TV-14,"140 min"
"The Fisherman's Diary",Movie,2020,TV-MA,"143 min"
2012,Movie,2009,PG-13,"158 min"
"3 Idiots",Movie,2009,PG-13,"164 min"
"Ferrari Ki Sawaari",Movie,2012,TV-PG,"133 min"
"Madam Chief Minister",Movie,2020,TV-14,"121 min"
"My Fair Lady",Movie,1964,G,"173 min"
"Seven Souls in the Skull Castle: Season Bird",Movie,2017,TV-14,"182 min"
"Seven Souls in the Skull Castle: Season Flower",Movie,2017,TV-14,"181 min"
"Seven Souls in the Skull Castle: Season Wind",Movie,2017,TV-14,"185 min"
"The Pianist",Movie,2002,R,"149 min"
"Mandela: Long Walk to Freedom",Movie,2013,PG-13,"141 min"
"Get on Up",Movie,2014,PG-13,"139 min"
Savages,Movie,2012,R,"131 min"
"C/O Kaadhal",Movie,2021,TV-14,"131 min"
Mucize,Movie,2015,TV-14,"136 min"
Aelay,Movie,2021,TV-14,"151 min"
"Black or White",Movie,2014,PG-13,"121 min"
Banyuki,Movie,2009,TV-PG,"182 min"
"Rain Man",Movie,1988,R,"134 min"
"Seven Souls in the Skull Castle 2011",Movie,2011,TV-14,"177 min"
Red,Movie,2021,TV-14,"143 min"
"The Conjuring 2",Movie,2016,R,"134 min"
"Classmates Minus",Movie,2020,TV-MA,"123 min"
"Operation Finale",Movie,2018,PG-13,"123 min"
"Animals on the Loose: A You vs. Wild Movie",Movie,2021,TV-PG,"139 min"
"Awara Paagal Deewana",Movie,2002,TV-14,"162 min"
"Little Big Women",Movie,2020,TV-14,"123 min"
"Space Sweepers",Movie,2021,TV-MA,"138 min"
"The Yin-Yang Master: Dream Of Eternity",Movie,2021,TV-14,"133 min"
"Our Lady of San Juan, Four Centuries of Miracles",Movie,2020,TV-PG,"123 min"
"Shutter Island",Movie,2010,R,"139 min"
"Finding ‘Ohana",Movie,2021,PG,"123 min"
"Kilometers and Kilometers",Movie,2020,TV-MA,"127 min"
"Black Rose",Movie,2018,TV-14,"121 min"
"The Next Three Days",Movie,2010,PG-13,"133 min"
"The White Tiger",Movie,2021,R,"127 min"
"Cut Throat City",Movie,2020,R,"123 min"
Apaharan,Movie,2005,TV-14,"161 min"
BluffMaster!,Movie,2005,TV-14,"129 min"
Gangaajal,Movie,2003,TV-MA,"148 min"
"Pieces of a Woman",Movie,2020,R,"128 min"
"Hello Brother",Movie,1999,TV-14,"126 min"
"Into the Wild",Movie,2007,R,"148 min"
"Lee Daniels' The Butler",Movie,2013,PG-13,"132 min"
"The Professor and the Madman",Movie,2019,TV-14,"125 min"
"The Prom",Movie,2020,PG-13,"132 min"
Torbaaz,Movie,2020,TV-MA,"133 min"
MANK,Movie,2020,R,"133 min"
"Angels & Demons",Movie,2009,PG-13,"139 min"
"The Da Vinci Code",Movie,2006,PG-13,"149 min"
"Unexpectedly Yours",Movie,2017,TV-14,"121 min"
Andhaghaaram,Movie,2020,TV-14,"171 min"
Andhakaaram,Movie,2020,TV-14,"171 min"
"Black Friday",Movie,2004,TV-MA,"162 min"
Bodyguard,Movie,2011,TV-14,"130 min"
Hawaizaada,Movie,2015,TV-14,"129 min"
"Raman Raghav 2.0",Movie,2016,TV-MA,"133 min"
Singham,Movie,2011,TV-14,"142 min"
TE3N,Movie,2016,TV-14,"128 min"
"Well Done Abba",Movie,2009,TV-14,"135 min"
Loving,Movie,2016,PG-13,"124 min"
"Jingle Jangle: A Christmas Journey",Movie,2020,PG,"124 min"
"First Love",Movie,2018,TV-MA,"123 min"
Ludo,Movie,2020,TV-MA,"150 min"
Citation,Movie,2020,TV-MA,"151 min"
"The Endless Trench",Movie,2019,TV-MA,"148 min"
"Miss India",Movie,2020,TV-PG,"136 min"
MOTHER,Movie,2020,TV-14,"127 min"
Snowden,Movie,2016,R,"134 min"
"The 12th Man",Movie,2018,TV-MA,"130 min"
"Ajab Prem Ki Ghazab Kahani",Movie,2009,TV-14,"150 min"
Rebecca,Movie,2020,PG-13,"123 min"
"The Trial of the Chicago 7",Movie,2020,R,"130 min"
Dil,Movie,1990,TV-14,"165 min"
"Disco Dancer",Movie,1982,TV-14,"134 min"
Hunterrr,Movie,2015,TV-MA,"140 min"
"Phir Hera Pheri",Movie,2006,TV-14,"150 min"
"The Legend of Bhagat Singh",Movie,2002,TV-14,"156 min"
"Ginny Weds Sunny",Movie,2020,TV-MA,"126 min"
"The Forty-Year-Old Version",Movie,2020,R,"124 min"
"Free State of Jones",Movie,2016,R,"139 min"
"The Outpost",Movie,2020,R,"123 min"
"The Boys in the Band",Movie,2020,R,"122 min"
"Dedh Ishqiya",Movie,2014,TV-14,"146 min"
"Golmaal Returns",Movie,2008,TV-MA,"135 min"
"Ishq Vishk",Movie,2003,TV-PG,"129 min"
"Jab We Met",Movie,2007,TV-14,"143 min"
Mann,Movie,1999,TV-14,"173 min"
"Manorama Six Feet Under",Movie,2007,TV-14,"129 min"
Welcome,Movie,2007,TV-PG,"149 min"
"Real Steel",Movie,2011,PG-13,"127 min"
"Enola Holmes",Movie,2020,PG-13,"124 min"
"High & Low The Movie",Movie,2016,TV-MA,"129 min"
"High & Low The Movie 2 / End of Sky",Movie,2017,TV-MA,"124 min"
"High & Low The Worst",Movie,2019,TV-MA,"125 min"
"The Blue Elephant 2",Movie,2019,TV-MA,"130 min"
Black,Movie,2015,TV-14,"137 min"
"Saheb Biwi Aur Gangster Returns",Movie,2013,TV-MA,"139 min"
Anaamika,Movie,2014,TV-14,"130 min"
"Nee Enge En Anbe",Movie,2014,TV-14,"137 min"
"The Devil All The Time",Movie,2020,R,"139 min"
"Lara and the Beat",Movie,2018,TV-MA,"140 min"
"Aapla Manus",Movie,2018,TV-14,"133 min"
"Ani... Dr. Kashinath Ghanekar",Movie,2018,TV-14,"157 min"
Dhh,Movie,2017,TV-G,"127 min"
Kaagar,Movie,2019,TV-MA,"130 min"
PhotoCopy,Movie,2016,TV-14,"138 min"
"Poshter Girl",Movie,2016,TV-14,"138 min"
"I'm Thinking of Ending Things",Movie,2020,R,"135 min"
Soldier,Movie,1998,TV-14,"155 min"
Scarecrow,Movie,2019,TV-MA,"121 min"
"Les Misérables",Movie,2012,PG-13,"158 min"
"What's Your Raashee?",Movie,2009,TV-PG,"203 min"
"Raat Akeli Hai",Movie,2020,TV-MA,"150 min"
"Uma Maheswara Ugra Roopasya",Movie,2020,TV-MA,"137 min"
"The Hater",Movie,2020,TV-MA,"136 min"
"Romance Doll",Movie,2020,TV-MA,"124 min"
"The Kissing Booth 2",Movie,2020,TV-14,"133 min"
"The Old Guard",Movie,2020,R,"126 min"
Aiyyaa,Movie,2012,TV-14,"151 min"
"Bombay Talkies",Movie,2013,TV-MA,"123 min"
Boss,Movie,2013,TV-14,"139 min"
"Chashme Baddoor",Movie,2013,TV-14,"121 min"
"Dharam Sankat Mein",Movie,2015,TV-PG,"127 min"
Drishyam,Movie,2015,TV-14,"162 min"
"Gabbar Is Back",Movie,2015,TV-14,"128 min"
Inkaar,Movie,2013,TV-MA,"125 min"
"Madras Café",Movie,2013,TV-14,"128 min"
"Oh My God",Movie,2012,TV-PG,"129 min"
"One by Two",Movie,2014,TV-14,"135 min"
Penalty,Movie,2019,TV-14,"125 min"
Players,Movie,2012,TV-14,"162 min"
"Pyaar Ka Punchnama 2",Movie,2015,TV-MA,"136 min"
Queen,Movie,2014,TV-MA,"138 min"
Shaitan,Movie,2011,TV-MA,"126 min"
"Special 26",Movie,2013,TV-PG,"137 min"
"The Perfect Picture: Ten Years Later",Movie,2019,TV-MA,"148 min"
"Pek Yakında",Movie,2014,TV-MA,"134 min"
Stardust,Movie,2007,PG-13,"128 min"
"Thackeray (Marathi)",Movie,2019,TV-14,"135 min"
"Eurovision Song Contest: The Story of Fire Saga",Movie,2020,PG-13,"124 min"
"Thackeray (Hindi)",Movie,2019,TV-14,"135 min"
"Krishna and His Leela",Movie,2020,TV-MA,"126 min"
"Prem Ratan Dhan Payo",Movie,2015,TV-14,"164 min"
Vivah,Movie,2006,TV-14,"166 min"
Destiny,Movie,1997,TV-14,"136 min"
"The Emigrant",Movie,1994,TV-14,"130 min"
"Wasp Network",Movie,2020,TV-MA,"128 min"
"Alexandria ... Why?",Movie,1979,TV-MA,"131 min"
"An Egyptian Story",Movie,1982,TV-MA,"129 min"
Saladin,Movie,1963,TV-MA,"194 min"
"The Land",Movie,1970,TV-MA,"130 min"
"Da 5 Bloods",Movie,2020,R,"156 min"
"The Witch: Part 1 - The Subversion",Movie,2018,TV-MA,"126 min"
Forensic,Movie,2020,TV-14,"132 min"
"The Last Days of American Crime",Movie,2020,TV-MA,"149 min"
"X Large",Movie,2011,TV-14,"135 min"
"Uncut Gems",Movie,2019,R,"135 min"
"One Day We'll Talk About Today",Movie,2020,TV-G,"128 min"
"Living in Bondage: Breaking Free",Movie,2019,TV-MA,"149 min"
"Bye Bye London",Movie,1981,TV-14,"177 min"
"Fifty Year Old Teenager",Movie,1996,TV-14,"204 min"
"Lock Your Girls In",Movie,1982,TV-PG,"233 min"
"No Longer kids",Movie,1979,TV-14,"237 min"
"Raya and Sakina",Movie,1984,TV-14,"230 min"
"Sayed the Servant",Movie,1985,TV-14,"173 min"
"The Married Couples",Movie,1981,TV-14,"195 min"
"The School of Mischief",Movie,1973,TV-14,"253 min"
"The Witness Who Didn't See Anything",Movie,1976,TV-PG,"157 min"
Malang,Movie,2020,TV-MA,"131 min"
"Rencor tatuado",Movie,2018,TV-MA,"152 min"
"Unbreakable Kimmy Schmidt: Kimmy vs. the Reverend",Movie,2020,TV-14,"190 min"
"Action Replayy",Movie,2010,TV-PG,"129 min"
"Andaz Apna Apna",Movie,1994,TV-14,"160 min"
"All Day and a Night",Movie,2020,R,"122 min"
Psycho,Movie,2020,TV-MA,"143 min"
R.K.Nagar,Movie,2019,TV-14,"132 min"
"Love Aaj Kal",Movie,2020,TV-MA,"140 min"
Bheeshma,Movie,2020,TV-14,"138 min"
Bittersweet,Movie,2010,TV-MA,"132 min"
"No Direction Home: Bob Dylan",Movie,2005,TV-MA,"208 min"
"The Dealer",Movie,2010,TV-14,"124 min"
"This Earth of Mankind",Movie,2019,TV-14,"180 min"
"Time to Hunt",Movie,2020,TV-MA,"135 min"
"Varane Avashyamund",Movie,2020,TV-14,"144 min"
"World Famous Lover",Movie,2020,TV-MA,"147 min"
"The Killing of a Sacred Deer",Movie,2017,R,"121 min"
"Angel Has Fallen",Movie,2019,R,"121 min"
Agneepath,Movie,1990,TV-14,"174 min"
Brothers,Movie,2015,TV-14,"155 min"
Dostana,Movie,2008,TV-14,"142 min"
Duniya,Movie,1984,TV-14,"170 min"
Duplicate,Movie,1998,TV-14,"165 min"
Friendship,Movie,1980,TV-14,"161 min"
"Gori Tere Pyaar Mein",Movie,2013,TV-14,"144 min"
Gumrah,Movie,1993,TV-14,"149 min"
"Hasee Toh Phasee",Movie,2014,TV-14,"135 min"
"Humpty Sharma Ki Dulhania",Movie,2014,TV-14,"131 min"
Kaal,Movie,2005,TV-14,"126 min"
"Kabhi Alvida Naa Kehna",Movie,2006,TV-14,"192 min"
"Kabhi Khushi Kabhie Gham",Movie,2001,TV-14,"209 min"
"Kal Ho Naa Ho",Movie,2003,TV-14,"187 min"
"Kapoor & Sons",Movie,2016,TV-14,"138 min"
"Kuch Kuch Hota Hai",Movie,1998,TV-14,"185 min"
Magnificent,Movie,2015,TV-14,"143 min"
"Muqaddar ka Faisla",Movie,1987,TV-14,"172 min"
Greater,Movie,2016,PG,"131 min"
"Kannum Kannum Kollaiyadithaal",Movie,2020,TV-14,"160 min"
"Bypass Road",Movie,2019,TV-14,"135 min"
"Miracle in Cell No. 7",Movie,2019,TV-14,"132 min"
"93 Days",Movie,2016,TV-PG,"121 min"
"Angu Vaikuntapurathu (Malayalam)",Movie,2020,TV-14,"162 min"
Aurora,Movie,2010,TV-MA,"186 min"
"The Death of Mr. Lazarescu",Movie,2005,R,"154 min"
"The Last Bomb of the Second World War",Movie,2019,TV-14,"133 min"
"Bhangra Paa Le",Movie,2019,TV-14,"130 min"
Hugo,Movie,2011,PG,"127 min"
"There Will Be Blood",Movie,2007,R,"158 min"
"Ala Vaikunthapurramuloo",Movie,2020,TV-14,"162 min"
"The Visit",Movie,2015,TV-MA,"138 min"
"By the Sea",Movie,2015,R,"122 min"
"Panipat - The Great Betrayal",Movie,2019,TV-14,"171 min"
Thottappan,Movie,2019,TV-14,"139 min"
Jada,Movie,2019,TV-14,"124 min"
Thambi,Movie,2019,TV-14,"148 min"
"The Silent War",Movie,2020,TV-MA,"122 min"
"Hum Aapke Hain Koun",Movie,1994,TV-14,"193 min"
"Together For Eternity",Movie,1999,TV-G,"176 min"
"Shimla Mirchi",Movie,2020,TV-14,"121 min"
"Sillu Karuppatti",Movie,2019,TV-14,"133 min"
"A Sun",Movie,2019,TV-MA,"156 min"
"Motichoor Chaknachoor",Movie,2019,TV-14,"132 min"
"A Fall from Grace",Movie,2020,TV-MA,"121 min"
Legend,Movie,2015,R,"132 min"
"Steve Jobs",Movie,2015,R,"122 min"
"Women of Mafia 2",Movie,2019,TV-MA,"132 min"
"Made in China",Movie,2019,TV-MA,"128 min"
"Half Girlfriend",Movie,2017,TV-14,"129 min"
"Ghost Stories",Movie,2020,TV-MA,"145 min"
Iyore,Movie,2015,TV-PG,"141 min"
"The Two Popes",Movie,2019,PG-13,"126 min"
"Sincerely Yours, Dhaka",Movie,2018,TV-MA,"136 min"
Bangistan,Movie,2015,TV-14,"134 min"
"Dil Chahta Hai",Movie,2001,TV-14,"185 min"
"Dil Dhadakne Do",Movie,2015,TV-MA,"174 min"
Don,Movie,2006,TV-14,"169 min"
"Don 2",Movie,2011,TV-14,"148 min"
Fukrey,Movie,2013,TV-14,"135 min"
Game,Movie,2011,TV-14,"135 min"
"Karthik Calling Karthik",Movie,2010,TV-14,"135 min"
Lakshya,Movie,2004,TV-PG,"185 min"
"Luck by Chance",Movie,2009,TV-14,"156 min"
"Rock On!!",Movie,2008,TV-14,"139 min"
Talaash,Movie,2012,TV-14,"140 min"
"Zindagi Na Milegi Dobara",Movie,2011,TV-14,"154 min"
"6 Underground",Movie,2019,R,"129 min"
"The Sky Is Pink",Movie,2019,TV-MA,"143 min"
Saaho,Movie,2019,TV-14,"172 min"
"Marriage Story",Movie,2019,R,"137 min"
"Baby Dolls",Movie,2019,TV-PG,"127 min"
Jindua,Movie,2017,TV-14,"135 min"
"Mahi NRI",Movie,2017,TV-14,"134 min"
Qismat,Movie,2018,TV-PG,"137 min"
"Thug Life",Movie,2017,TV-14,"133 min"
"Why Me?",Movie,2015,TV-MA,"126 min"
"The Zoya Factor",Movie,2019,TV-14,"135 min"
Defiance,Movie,2008,R,"137 min"
"Evvarikee Cheppoddu",Movie,2019,TV-14,"134 min"
"The Irishman",Movie,2019,R,"209 min"
"Shot Caller",Movie,2017,R,"121 min"
"Girls und Panzer der Film",Movie,2015,TV-MA,"121 min"
Dorasaani,Movie,2019,TV-14,"134 min"
Mallesham,Movie,2019,TV-14,"131 min"
"Guna 369",Movie,2019,TV-MA,"143 min"
"U Turn",Movie,2016,TV-14,"121 min"
"Tune in for Love",Movie,2019,TV-MA,"123 min"
"The King",Movie,2019,R,"141 min"
"Mehandi Circus",Movie,2019,TV-MA,"126 min"
"It Takes a Lunatic",Movie,2019,TV-MA,"127 min"
"Verses of Love 2",Movie,2017,TV-14,"127 min"
"El Camino: A Breaking Bad Movie",Movie,2019,TV-MA,"123 min"
"The Forest of Love",Movie,2019,TV-MA,"151 min"
"GEN HOSHINO STADIUM TOUR “POP VIRUS”",Movie,2019,TV-14,"154 min"
Malaal,Movie,2019,TV-14,"133 min"
"Oh! Baby (Malayalam)",Movie,2019,TV-14,"146 min"
"Oh! Baby (Tamil)",Movie,2019,TV-14,"146 min"
"Manmadhudu 2",Movie,2019,TV-MA,"152 min"
"Do Paise Ki Dhoop Chaar Aane Ki Baarish",Movie,2009,TV-MA,"121 min"
"Kabir Singh",Movie,2019,TV-MA,"171 min"
"Oh! Baby",Movie,2019,TV-14,"157 min"
"Article 15",Movie,2019,TV-MA,"125 min"
"Care of Kancharapalem",Movie,2018,TV-MA,"142 min"
"Ee Nagaraniki Emaindi",Movie,2018,TV-14,"133 min"
Saawan,Movie,2016,TV-14,"128 min"
"Kaake Da Viyah",Movie,2019,TV-PG,"133 min"
"Marriage Palace",Movie,2018,TV-14,"135 min"
"90 ML",Movie,2019,TV-MA,"123 min"
Manu,Movie,2018,TV-14,"177 min"
"The Red Sea Diving Resort",Movie,2019,TV-MA,"130 min"
Mauli,Movie,2018,TV-14,"136 min"
Bogda,Movie,2018,TV-PG,"161 min"
"Inhuman Kiss",Movie,2019,TV-MA,"122 min"
"Romeo Akbar Walter",Movie,2019,TV-14,"141 min"
"Super Deluxe",Movie,2019,TV-MA,"176 min"
"Hikaru Utada Laughter in the Dark Tour 2018",Movie,2018,TV-PG,"141 min"
Kahaani,Movie,2012,TV-14,"122 min"
"The Edge of Democracy",Movie,2019,TV-14,"122 min"
"Rolling Thunder Revue: A Bob Dylan Story by Martin Scorsese",Movie,2019,TV-MA,"142 min"
"Luka Chuppi",Movie,2019,TV-PG,"125 min"
Stree,Movie,2018,TV-MA,"127 min"
"A Silent Voice",Movie,2016,TV-14,"130 min"
"III Smoking Barrels",Movie,2017,TV-MA,"128 min"
"Svaha: The Sixth Finger",Movie,2019,TV-MA,"123 min"
"The Man Who Feels No Pain",Movie,2018,TV-14,"137 min"
"The Great Magician",Movie,2011,TV-14,"128 min"
"Gatao 2: Rise of the King",Movie,2018,TV-MA,"126 min"
"The Wandering Earth",Movie,2019,TV-MA,"125 min"
"Jo Pil-ho: The Dawning Rage",Movie,2018,TV-MA,"128 min"
"Sur Sapata",Movie,2019,TV-14,"140 min"
"Money Trap",Movie,2019,TV-MA,"122 min"
"Njan Prakashan",Movie,2018,TV-PG,"125 min"
"A Fortunate Man",Movie,2018,TV-MA,"168 min"
"HOMECOMING: A film by Beyoncé",Movie,2019,TV-MA,"138 min"
"About Time",Movie,2013,R,"123 min"
"Ek Khiladi Ek Haseena",Movie,2005,TV-14,"141 min"
"Jhankaar Beats",Movie,2003,TV-14,"131 min"
Shabd,Movie,2005,TV-14,"146 min"
"Dabbe 5: Zehr-i Cin",Movie,2014,TV-MA,"133 min"
"Dabbe: The Possession",Movie,2013,TV-MA,"135 min"
"Sarvam Thaala Mayam (Telugu Version)",Movie,2018,TV-14,"131 min"
"Petta (Telugu Version)",Movie,2019,TV-14,"170 min"
Petta,Movie,2019,TV-14,"170 min"
"Suzzanna: Buried Alive",Movie,2018,TV-MA,"126 min"
"Pinky Memsaab",Movie,2018,TV-MA,"124 min"
"15 August",Movie,2019,TV-14,"124 min"
"The Highwaymen",Movie,2019,R,"132 min"
"Verses of Love",Movie,2008,TV-PG,"126 min"
Sei,Movie,2018,TV-14,"126 min"
Mirage,Movie,2018,TV-MA,"129 min"
"The Unmarried Wife",Movie,2016,TV-MA,"130 min"
"Barcelona: A Love Untold",Movie,2016,TV-14,"132 min"
"Everything About Her",Movie,2016,TV-MA,"127 min"
"Finally Found Someone",Movie,2017,TV-14,"125 min"
"Seven Sundays",Movie,2017,TV-MA,"128 min"
"Triple Frontier",Movie,2019,R,"126 min"
"Starting Over Again",Movie,2014,TV-14,"128 min"
"The Love Affair",Movie,2015,TV-MA,"127 min"
"Everyday I Love You",Movie,2015,TV-14,"124 min"
Sarkar,Movie,2018,TV-MA,"162 min"
"Sarvam Thaala Mayam (Tamil Version)",Movie,2018,TV-14,"131 min"
"Quién te cantará",Movie,2018,TV-MA,"125 min"
"A Second Chance",Movie,2015,TV-MA,"130 min"
"Four Sisters and a Wedding",Movie,2013,TV-14,"125 min"
"It Takes a Man and a Woman",Movie,2013,TV-PG,"127 min"
"My Ex & Whys",Movie,2017,TV-14,"121 min"
"The Mistress",Movie,2012,TV-MA,"132 min"
"Shonar Pahar",Movie,2018,TV-PG,"131 min"
"The Drug King",Movie,2018,TV-MA,"139 min"
Neevevaro,Movie,2018,TV-14,"132 min"
"Sur: The Melody of Life",Movie,2002,TV-14,"137 min"
Yucatán,Movie,2018,TV-MA,"130 min"
"The Tree of Blood",Movie,2018,TV-MA,"136 min"
Virsa,Movie,2010,TV-14,"127 min"
"High Society",Movie,2018,TV-MA,"137 min"
"Habibie & Ainun",Movie,2012,TV-14,"125 min"
"Rudy Habibie",Movie,2016,TV-14,"143 min"
"Surga Yang Tak Dirindukan",Movie,2015,TV-14,"121 min"
"Goyo: The Boy General",Movie,2018,TV-MA,"150 min"
Echcharikkai,Movie,2018,TV-14,"127 min"
Pandigai,Movie,2017,TV-MA,"125 min"
Baazaar,Movie,2018,TV-MA,"136 min"
"El Potro: Unstoppable",Movie,2018,TV-MA,"122 min"
Taramani,Movie,2017,TV-MA,"148 min"
"Taylor Swift reputation Stadium Tour",Movie,2018,TV-PG,"125 min"
"Tim Minchin And The Heritage Orchestra Live",Movie,2011,TV-MA,"146 min"
"Tim Minchin: So F**king Rock",Movie,2008,TV-MA,"127 min"
"A Twelve Year Night",Movie,2018,TV-MA,"122 min"
"Black Mirror: Bandersnatch",Movie,2018,TV-MA,"312 min"
"Bird Box",Movie,2018,R,"124 min"
Andhadhun,Movie,2018,TV-14,"137 min"
"Springsteen on Broadway",Movie,2018,TV-MA,"153 min"
"The Theory of Everything",Movie,2014,PG-13,"123 min"
"Vanjagar Ulagam",Movie,2018,TV-MA,"145 min"
ROMA,Movie,2018,R,"135 min"
"Teefa in Trouble",Movie,2018,TV-14,"155 min"
"A Beautiful Life",Movie,2011,TV-14,"122 min"
"Blind Detective",Movie,2013,TV-MA,"130 min"
Faraar,Movie,2015,TV-14,"146 min"
"Power Paandi",Movie,2017,TV-MA,"124 min"
"Happy as Lazzaro",Movie,2018,PG-13,"127 min"
"The Ballad of Buster Scruggs",Movie,2018,R,"133 min"
Aalorukkam,Movie,2018,TV-PG,"122 min"
"Muzaffarnagar Baaqi Hai",Movie,2015,TV-MA,"136 min"
"Odu Raja Odu",Movie,2018,TV-14,"121 min"
BuyBust,Movie,2018,TV-MA,"128 min"
"Outlaw King",Movie,2018,R,"122 min"
"Bucket List",Movie,2018,TV-14,"129 min"
"The Other Side of the Wind",Movie,2018,R,"122 min"
"ABCD 2",Movie,2015,TV-14,"146 min"
"ABCD: Any Body Can Dance",Movie,2013,TV-14,"136 min"
Asees,Movie,2018,TV-14,"123 min"
Barfi!,Movie,2012,TV-14,"144 min"
"Chance Pe Dance",Movie,2010,TV-14,"121 min"
"Chup Chup Ke",Movie,2006,TV-14,"158 min"
"Dhan Dhana Dhan Goal",Movie,2007,TV-14,"157 min"
"Dhoondte Reh Jaoge",Movie,2009,TV-14,"124 min"
"Gaddar: the Traitor",Movie,2015,TV-14,"126 min"
Ghanchakkar,Movie,2013,TV-MA,"129 min"
Grandmaster,Movie,2012,TV-14,"133 min"
Heroine,Movie,2012,TV-MA,"143 min"
Himmatwala,Movie,2013,TV-14,"140 min"
"Husbands in Goa",Movie,2012,TV-14,"150 min"
"Jatts in Golmaal",Movie,2013,TV-PG,"128 min"
Kalakalappu,Movie,2012,TV-14,"154 min"
"Katti Batti",Movie,2015,TV-14,"132 min"
"Life in a ... Metro",Movie,2007,TV-14,"126 min"
"Mumbai Meri Jaan",Movie,2008,TV-MA,"135 min"
"Mundeyan Ton Bachke Rahin",Movie,2014,TV-14,"139 min"
"No One Killed Jessica",Movie,2011,TV-MA,"131 min"
"Paan Singh Tomar",Movie,2010,TV-14,"129 min"
"Raja Natwarlal",Movie,2014,TV-14,"131 min"
Satyagraha,Movie,2013,TV-14,"146 min"
Settai,Movie,2013,TV-14,"123 min"
"Sigaram Thodu",Movie,2014,TV-14,"141 min"
"Welcome to Sajjanpur",Movie,2008,TV-14,"131 min"
"Gun City",Movie,2018,TV-MA,"126 min"
Dovlatov,Movie,2018,PG-13,"126 min"
"Baahubali: The Beginning (English Version)",Movie,2015,TV-14,"138 min"
"Illang: The Wolf Brigade",Movie,2018,TV-MA,"140 min"
"Naa Bangaaru Talli",Movie,2013,TV-14,"122 min"
"The Night Comes for Us",Movie,2018,TV-MA,"121 min"
"Mr. Chandramouli",Movie,2018,TV-MA,"131 min"
"Meghnadbodh Rohoshyo",Movie,2017,TV-MA,"150 min"
Sanju,Movie,2018,TV-MA,"159 min"
Soorma,Movie,2018,TV-14,"131 min"
Apostle,Movie,2018,TV-MA,"130 min"
"22 July",Movie,2018,R,"144 min"
"Private Life",Movie,2018,R,"124 min"
"The Black Prince",Movie,2017,PG-13,"121 min"
"Monty Python Live (Mostly): One Down, Five to Go",Movie,2014,TV-MA,"137 min"
"25 Kille",Movie,2016,TV-14,"140 min"
Anjaan,Movie,2014,TV-14,"146 min"
"Delhi 6",Movie,2009,TV-14,"128 min"
Dev.D,Movie,2009,TV-MA,"137 min"
"Dil Vil Pyaar Vyaar",Movie,2014,TV-PG,"145 min"
Dushman,Movie,2017,TV-14,"141 min"
"Freedom at Midnight",Movie,2018,TV-MA,"135 min"
Haani,Movie,2013,TV-14,"137 min"
"Happy Go Lucky",Movie,2014,TV-14,"129 min"
"Jagga Jasoos",Movie,2017,TV-14,"155 min"
"Jatt James Bond",Movie,2014,TV-14,"142 min"
"Jodhaa Akbar",Movie,2008,TV-14,"214 min"
"Judge Singh LLB",Movie,2015,TV-PG,"137 min"
Kaminey,Movie,2009,TV-14,"128 min"
"Khido Khundi",Movie,2018,TV-14,"151 min"
Khoobsurat,Movie,2014,TV-14,"121 min"
"Kismat Konnection",Movie,2008,TV-14,"145 min"
Kurbaan,Movie,2009,TV-14,"147 min"
"Luv Shuv Tey Chicken Khurana",Movie,2012,TV-14,"129 min"
"Main, Meri Patni Aur Woh",Movie,2005,TV-PG,"129 min"
"Manje Bistre",Movie,2017,TV-14,"136 min"
Mugamoodi,Movie,2012,TV-14,"150 min"
Muran,Movie,2011,TV-14,"134 min"
"Naan Sigappu Manithan",Movie,2014,TV-14,"147 min"
"Naughty Jatts",Movie,2013,TV-PG,"121 min"
Phantom,Movie,2015,TV-14,"129 min"
"Pooja Kiven Aa",Movie,2013,TV-PG,"122 min"
Race,Movie,2008,TV-14,"155 min"
"Race 2",Movie,2013,TV-14,"139 min"
"Saadey CM Saab",Movie,2015,TV-PG,"131 min"
"Sat Shri Akaal England",Movie,2017,TV-14,"127 min"
Thaandavam,Movie,2012,TV-14,"156 min"
"Theeya Velai Seyyanum Kumaru",Movie,2013,TV-PG,"132 min"
Tiger,Movie,2016,TV-14,"130 min"
Udaan,Movie,2010,TV-MA,"137 min"
Vettai,Movie,2012,TV-14,"156 min"
"Wake Up Sid",Movie,2009,TV-14,"132 min"
"What the Jatt!!",Movie,2015,TV-PG,"140 min"
"Zindagi Kitni Haseen Hay",Movie,2016,TV-14,"126 min"
"Animal World",Movie,2018,TV-MA,"130 min"
"Hold the Dark",Movie,2018,TV-MA,"126 min"
Quincy,Movie,2018,TV-MA,"124 min"
"The Resistance Banker",Movie,2018,TV-MA,"123 min"
PK,Movie,2014,TV-14,"146 min"
"Naam Shabana",Movie,2017,TV-14,"141 min"
Spyder,Movie,2017,TV-14,"140 min"
Mersal,Movie,2017,TV-14,"162 min"
Mom,Movie,2017,TV-14,"139 min"
"Pad Man",Movie,2018,PG-13,"130 min"
"Toilet: Ek Prem Katha",Movie,2017,TV-14,"145 min"
"Bhavesh Joshi Superhero",Movie,2018,TV-14,"150 min"
"The Guernsey Literary and Potato Peel Pie Society",Movie,2018,TV-PG,"124 min"
"2 States",Movie,2014,TV-PG,"143 min"
Baaghi,Movie,2016,TV-14,"127 min"
"7 Khoon Maaf",Movie,2011,TV-MA,"148 min"
"Chillar Party",Movie,2011,TV-PG,"127 min"
Fashion,Movie,2008,TV-MA,"158 min"
Fitoor,Movie,2016,TV-14,"124 min"
Fiza,Movie,2000,TV-14,"163 min"
Guzaarish,Movie,2010,TV-14,"121 min"
Haider,Movie,2014,TV-MA,"154 min"
Highway,Movie,2014,TV-14,"127 min"
"I Hate Luv Storys",Movie,2010,TV-14,"128 min"
"Mohenjo Daro",Movie,2016,TV-14,"168 min"
Raajneeti,Movie,2010,TV-14,"162 min"
"Rang De Basanti",Movie,2006,TV-14,"159 min"
"Rowdy Rathore",Movie,2012,TV-14,"137 min"
Tamasha,Movie,2015,TV-14,"133 min"
"Tere Naal Love Ho Gaya",Movie,2012,TV-14,"127 min"
"Thank You",Movie,2011,TV-14,"131 min"
"Parmanu: The Story of Pokhran",Movie,2018,TV-PG,"124 min"
"Nothing to Lose",Movie,2018,PG,"133 min"
"Anthony Kaun Hai?",Movie,2006,TV-14,"122 min"
"Chalte Chalte",Movie,2003,TV-14,"166 min"
"Namastey London",Movie,2007,TV-14,"130 min"
"Tum Milo Toh Sahi",Movie,2010,TV-14,"128 min"
"Lust Stories",Movie,2018,TV-MA,"121 min"
"B.A. Pass 2",Movie,2017,TV-14,"126 min"
"Bad Genius",Movie,2017,TV-MA,"130 min"
Aiyaary,Movie,2018,TV-MA,"158 min"
"CIA: Comrade in America",Movie,2017,TV-14,"130 min"
Billu,Movie,2009,TV-PG,"132 min"
"Main Hoon Na",Movie,2004,TV-14,"171 min"
"Om Shanti Om",Movie,2007,TV-14,"169 min"
Paheli,Movie,2005,TV-PG,"134 min"
"Phir Bhi Dil Hai Hindustani",Movie,2000,TV-14,"159 min"
"Secret Superstar",Movie,2017,TV-14,"150 min"
"In This Corner of the World",Movie,2016,PG-13,"129 min"
"Steel Rain",Movie,2018,TV-MA,"140 min"
"The Outsider",Movie,2018,TV-MA,"121 min"
"Dil Se",Movie,1998,TV-14,"166 min"
Guru,Movie,2007,TV-PG,"155 min"
"Judwaa 2",Movie,2017,TV-14,"145 min"
"Shubh Aarambh",Movie,2017,TV-PG,"127 min"
Swades,Movie,2004,TV-PG,"185 min"
"Tu Hai Mera Sunday",Movie,2016,TV-14,"125 min"
Yuva,Movie,2004,TV-14,"160 min"
Mute,Movie,2018,TV-MA,"127 min"
"FullMetal Alchemist",Movie,2017,TV-PG,"134 min"
"Love Per Square Foot",Movie,2018,TV-14,"133 min"
"Alibaba Aur 40 Chor",Movie,1980,TV-14,"147 min"
"Pyar Ke Do Pal",Movie,1986,TV-14,"153 min"
Milada,Movie,2017,TV-14,"124 min"
"The House Next Door",Movie,2017,TV-MA,"135 min"
Muramba,Movie,2017,TV-MA,"128 min"
Jaal,Movie,1986,TV-14,"162 min"
Shikari,Movie,1991,TV-14,"163 min"
"Jab Harry Met Sejal",Movie,2017,TV-MA,"142 min"
"Poster Boys",Movie,2017,PG-13,"128 min"
Mudbound,Movie,2017,R,"135 min"
"Bon Cop Bad Cop 2",Movie,2017,TV-MA,"126 min"
"The Journey Is the Destination",Movie,2016,R,"123 min"
"Let It Fall: Los Angeles 1982-1992",Movie,2017,TV-MA,"144 min"
Mubarakan,Movie,2017,PG-13,"153 min"
Bandie,Movie,1978,TV-PG,"141 min"
"The Hateful Eight",Movie,2015,R,"168 min"
Baadshaho,Movie,2017,TV-14,"135 min"
"Lucknow Central",Movie,2017,TV-14,"144 min"
Singapore,Movie,1960,TV-PG,"158 min"
"26 Years",Movie,2012,TV-MA,"135 min"
"First They Killed My Father",Movie,2017,TV-MA,"137 min"
"Aakhri Adaalat",Movie,1988,TV-14,"148 min"
"Chadi Jawani Budhe Nu",Movie,1976,TV-PG,"135 min"
"Ek Jaan Hain Hum",Movie,1983,TV-14,"151 min"
"Khoon Khoon",Movie,1973,TV-14,"132 min"
Manoranjan,Movie,1974,TV-14,"162 min"
Mujrim,Movie,1989,TV-14,"163 min"
"Sohni Mahiwal",Movie,1984,TV-14,"160 min"
"What Happened to Monday",Movie,2017,TV-MA,"124 min"
"Baahubali 2: The Conclusion (Hindi Version)",Movie,2017,TV-MA,"165 min"
"Baahubali 2: The Conclusion (Malayalam Version)",Movie,2017,TV-14,"166 min"
"Baahubali 2: The Conclusion (Tamil Version)",Movie,2017,TV-MA,"166 min"
"Baahubali: The Beginning (Hindi Version)",Movie,2015,TV-14,"159 min"
"Baahubali: The Beginning (Malayalam Version)",Movie,2015,TV-14,"160 min"
"Baahubali: The Beginning (Tamil Version)",Movie,2015,TV-14,"159 min"
Icarus,Movie,2017,TV-MA,"121 min"
"The Invisible Guardian",Movie,2017,TV-MA,"129 min"
"Lal Patthar",Movie,1971,TV-14,"153 min"
Professor,Movie,1962,TV-PG,"163 min"
"Yaar Gaddar",Movie,1994,TV-14,"148 min"
Okja,Movie,2017,TV-MA,"121 min"
Dangal,Movie,2016,TV-PG,"161 min"
"1898: Our Last Men in the Philippines",Movie,2016,R,"130 min"
"Aashik Awara",Movie,1993,TV-14,"154 min"
"Maya Memsaab",Movie,1993,TV-14,"122 min"
"Oh Darling Yeh Hai India",Movie,1995,TV-14,"154 min"
Prince,Movie,1969,TV-PG,"152 min"
Qila,Movie,1998,TV-14,"161 min"
"Smoke & Mirrors",Movie,2016,TV-14,"123 min"
Rangoon,Movie,2017,TV-14,"153 min"
Raees,Movie,2017,TV-14,"143 min"
"War Machine",Movie,2017,TV-MA,"123 min"
Chamatkar,Movie,1992,TV-14,"164 min"
"Kabhi Haan Kabhi Naa",Movie,1994,TV-14,"151 min"
"Ram Jaane",Movie,1995,TV-14,"142 min"
Chaahat,Movie,1996,TV-14,"148 min"
"English Babu Desi Mem",Movie,1996,TV-14,"163 min"
"Dear Zindagi",Movie,2016,TV-14,"149 min"
"Sandy Wexler",Movie,2017,TV-14,"131 min"
Elaan,Movie,1971,TV-14,"143 min"
Salaakhen,Movie,1975,TV-14,"134 min"
Pandora,Movie,2016,TV-MA,"137 min"
"Howards End",Movie,1992,PG,"143 min"
Asoka,Movie,2001,R,"168 min"
"One 2 Ka 4",Movie,2001,TV-14,"160 min"
"Force 2",Movie,2016,TV-14,"123 min"
"Hitler - A Career",Movie,1977,TV-MA,"150 min"
Dilwale,Movie,2015,TV-PG,"154 min"
"Happy New Year",Movie,2014,TV-14,"179 min"
Pink,Movie,2016,TV-14,"130 min"
"We Are Young. We Are Strong.",Movie,2014,TV-MA,"123 min"
"Udta Punjab",Movie,2016,TV-MA,"146 min"
"Riphagen - The Untouchable",Movie,2016,TV-14,"132 min"
Belgica,Movie,2016,TV-MA,"127 min"
"The Perfect Dictatorship",Movie,2014,TV-MA,"143 min"
"Shrek the Musical",Movie,2013,TV-G,"130 min"
21,Movie,2008,PG-13,"123 min"
1920,Movie,2008,TV-MA,"143 min"
Oct-01,Movie,2014,TV-14,"149 min"
22-Jul,Movie,2018,R,"144 min"
15-Aug,Movie,2019,TV-14,"124 min"
"​Goli Soda 2",Movie,2018,TV-14,"128 min"
"3 Deewarein",Movie,2003,TV-MA,"121 min"
"3 Heroines",Movie,2016,TV-PG,"124 min"
5CM,Movie,2012,TV-14,"126 min"
"7 Din Mohabbat In",Movie,2018,TV-PG,"137 min"
"A Bridge Too Far",Movie,1977,PG,"176 min"
"A Clockwork Orange",Movie,1971,R,"137 min"
"A Flying Jatt",Movie,2016,TV-14,"142 min"
"A Most Violent Year",Movie,2014,R,"125 min"
"A Separation",Movie,2011,PG-13,"123 min"
"Aşk Tesadüfleri Sever",Movie,2011,TV-MA,"122 min"
"Aadu 2",Movie,2017,TV-MA,"150 min"
"Aajcha Divas Majha",Movie,2013,TV-PG,"126 min"
Aarakshan,Movie,2011,TV-14,"164 min"
"Aata Pita",Movie,2010,TV-14,"133 min"
"Abby Sen",Movie,2015,TV-PG,"127 min"
Abhinetri,Movie,2016,TV-14,"131 min"
"Across the Universe",Movie,2007,PG-13,"133 min"
"Ahista Ahista",Movie,2006,TV-14,"122 min"
"Aisa Yeh Jahaan",Movie,2015,TV-14,"127 min"
Aitraaz,Movie,2004,TV-14,"153 min"
"Amar Akbar Anthony",Movie,1977,TV-14,"172 min"
"Amar's Hands",Movie,2011,TV-14,"125 min"
"American Beauty",Movie,1999,R,"122 min"
"American Honey",Movie,2016,R,"163 min"
Amy,Movie,2015,R,"128 min"
"Ankur Arora Murder Case",Movie,2013,TV-14,"127 min"
Anwar,Movie,2007,TV-14,"134 min"
"As Good as It Gets",Movie,1997,PG-13,"139 min"
"Asura: The City of Madness",Movie,2016,NR,"133 min"
ATM,Movie,2012,TV-14,"122 min"
"Avengers: Infinity War",Movie,2018,PG-13,"150 min"
Azhar,Movie,2016,TV-14,"129 min"
Babel,Movie,2006,R,"143 min"
"Bad Boys II",Movie,2003,R,"147 min"
"Balu Mahi",Movie,2017,TV-MA,"149 min"
"Bang Rajan 2",Movie,2010,TV-MA,"122 min"
"Bangkok Traffic (Love) Story",Movie,2009,TV-14,"126 min"
"Barça Dreams",Movie,2015,TV-MA,"122 min"
Barsaat,Movie,1995,TV-PG,"166 min"
"Basic Instinct",Movie,1992,R,"128 min"
Bawarchi,Movie,1972,TV-PG,"125 min"
Bazaar,Movie,1982,TV-14,"121 min"
"Becoming Jane",Movie,2007,PG-13,"121 min"
Bewafaa,Movie,2005,TV-PG,"149 min"
"Bhagam Bhag",Movie,2006,TV-14,"151 min"
"Bhool Bhulaiyaa",Movie,2007,TV-14,"148 min"
Bhouri,Movie,2017,TV-14,"123 min"
"Big Kill",Movie,2018,R,"126 min"
"Bilu Rakkhosh",Movie,2017,TV-MA,"127 min"
Bioscope,Movie,2015,TV-14,"131 min"
"Black Hawk Down",Movie,2001,R,"144 min"
"Black Panther",Movie,2018,PG-13,"135 min"
Blaze,Movie,2018,R,"129 min"
Blow,Movie,2001,R,"123 min"
"Blue Is the Warmest Color",Movie,2013,NC-17,"180 min"
Bobby,Movie,1973,TV-14,"168 min"
"Brooklyn's Finest",Movie,2009,R,"133 min"
Burning,Movie,2018,TV-MA,"148 min"
"Cahaya Dari Timur Beta Maluku",Movie,2014,TV-14,"151 min"
Cake,Movie,2018,TV-MA,"125 min"
"Calendar Girls",Movie,2015,TV-14,"126 min"
Cappuccino,Movie,2017,TV-PG,"126 min"
Caregiver,Movie,2008,TV-14,"131 min"
"Casino Royale",Movie,2006,PG-13,"145 min"
"Casino Tycoon",Movie,1992,TV-MA,"125 min"
"Celluloid Man",Movie,2012,TV-PG,"156 min"
Chaar Sahibzaade,Movie,2014,TV-PG,"126 min"
"Chal Dhar Pakad",Movie,2010,TV-14,"129 min"
"Chal Mere Bhai",Movie,2000,TV-14,"132 min"
"Chashme Buddoor",Movie,2013,TV-PG,"121 min"
"Chasing the Dragon",Movie,2017,TV-MA,"129 min"
"Chitty Chitty Bang Bang",Movie,1968,G,"146 min"
"Chupke Chupke",Movie,1975,TV-PG,"127 min"
"City of God",Movie,2002,R,"130 min"
"Clive Davis: The Soundtrack of Our Lives",Movie,2017,TV-MA,"124 min"
"Cloud Atlas",Movie,2012,R,"172 min"
"Clouds of Sils Maria",Movie,2014,R,"124 min"
"Coach Carter",Movie,2005,PG-13,"137 min"
Company,Movie,2002,TV-MA,"137 min"
"Cool Hand Luke",Movie,1967,TV-14,"127 min"
"Dabbe 6: The Return",Movie,2015,TV-MA,"153 min"
Daffedar,Movie,2017,TV-14,"151 min"
Darra,Movie,2016,TV-14,"121 min"
Deewangee,Movie,2002,TV-MA,"156 min"
"Den of Thieves",Movie,2018,R,"140 min"
Devrai,Movie,2004,TV-PG,"123 min"
Dhamaal,Movie,2007,TV-14,"128 min"
"Di Renjie zhi Sidatianwang",Movie,2018,TV-14,"132 min"
"Die Another Day",Movie,2002,PG-13,"133 min"
"Dil Hai Tumhaara",Movie,2002,TV-14,"176 min"
"Doctor Zhivago",Movie,1965,PG-13,"200 min"
"Donnie Brasco",Movie,1997,R,"127 min"
Dum,Movie,2003,TV-14,"162 min"
"Eat Pray Love",Movie,2010,PG-13,"140 min"
Eeda,Movie,2018,TV-14,"153 min"
"Eh Janam Tumhare Lekhe",Movie,2015,TV-14,"124 min"
"Ek Hasina Thi",Movie,2004,TV-MA,"134 min"
"Elephants Dream 4 Hour",Movie,2006,TV-MA,"196 min"
"Encounter: The Killing",Movie,2002,TV-14,"151 min"
"Everybody Knows",Movie,2019,R,"133 min"
"Executive Decision",Movie,1996,R,"133 min"
"Fakta Ladh Mhana",Movie,2011,TV-14,"150 min"
Fallen,Movie,1998,R,"124 min"
"Fiddler on the Roof",Movie,1971,G,"181 min"
"For Colored Girls",Movie,2010,R,"134 min"
"For Greater Glory",Movie,2012,R,"145 min"
"Gabriel and the Mountain",Movie,2017,TV-MA,"132 min"
"Gangs of New York",Movie,2002,R,"167 min"
Gemini,Movie,2018,TV-PG,"130 min"
Ghayal,Movie,1990,TV-14,"163 min"
Ghulam-E-Musthafa,Movie,1997,TV-MA,"161 min"
Gie,Movie,2005,TV-14,"141 min"
"God of War",Movie,2017,NR,"129 min"
"Gol Maal",Movie,1979,TV-PG,"137 min"
GoldenEye,Movie,1995,PG-13,"130 min"
"Golmaal: Fun Unlimited",Movie,2006,TV-14,"148 min"
GoodFellas,Movie,1990,R,"145 min"
"Gosford Park",Movie,2001,R,"137 min"
Haapus,Movie,2010,TV-14,"138 min"
"Hamara Dil Aapke Paas Hai",Movie,2000,TV-14,"158 min"
"Hans Zimmer: Live in Prague",Movie,2017,TV-G,"138 min"
"Haseena Maan Jaayegi",Movie,1999,TV-PG,"151 min"
Heartbreakers,Movie,2001,PG-13,"124 min"
Hellboy,Movie,2004,PG-13,"122 min"
Her,Movie,2013,R,"126 min"
"Hera Pheri",Movie,1976,TV-14,"156 min"
"Ho Mann Jahaan",Movie,2015,TV-PG,"170 min"
"Holding the Man",Movie,2015,TV-MA,"128 min"
Hombanna,Movie,2017,TV-14,"126 min"
Hostiles,Movie,2017,R,"134 min"
"Hum Saath-Saath Hain",Movie,1999,TV-G,"176 min"
"Humko Deewana Kar Gaye",Movie,2006,TV-PG,"149 min"
"I Am Not Madame Bovary",Movie,2016,TV-14,"139 min"
"Ideachi Kalpana",Movie,2010,TV-14,"124 min"
"Indiana Jones and the Kingdom of the Crystal Skull",Movie,2008,PG-13,"123 min"
"Indiana Jones and the Last Crusade",Movie,1989,PG-13,"127 min"
"Inglourious Basterds",Movie,2009,R,"153 min"
Insan,Movie,2005,TV-14,"141 min"
"Instructions Not Included",Movie,2013,PG-13,"122 min"
Invictus,Movie,2009,PG-13,"134 min"
Iqbal,Movie,2006,TV-Y7,"127 min"
"Irada Pakka",Movie,2010,TV-14,"137 min"
Ishqedarriyaan,Movie,2015,TV-14,"130 min"
Issaq,Movie,2013,TV-MA,"140 min"
"Jaan-E-Mann: Let's Fall in Love... Again",Movie,2006,TV-14,"163 min"
"Jackie Brown",Movie,1997,R,"154 min"
Jail,Movie,2009,TV-14,"132 min"
Jal,Movie,2013,TV-14,"132 min"
Janaan,Movie,2016,TV-14,"132 min"
"Jersey Boys",Movie,2014,R,"134 min"
"Jis Desh Men Ganga Behti Hai",Movie,1960,TV-14,"181 min"
"John Carter",Movie,2012,PG-13,"133 min"
"John Day",Movie,2013,TV-MA,"125 min"
"Jora 10 Numbaria",Movie,2017,TV-MA,"135 min"
Judwaa,Movie,1997,TV-14,"133 min"
"Julie & Julia",Movie,2009,PG-13,"123 min"
"Jupiter Ascending",Movie,2015,PG-13,"128 min"
"K-19: The Widowmaker",Movie,2002,PG-13,"138 min"
Kaabil,Movie,2017,TV-14,"139 min"
Kaakan,Movie,2015,TV-PG,"132 min"
Kaalia,Movie,1981,TV-14,"173 min"
"Kabali (Hindi Version)",Movie,2016,TV-MA,"148 min"
Karzzzz,Movie,2008,TV-14,"137 min"
Katha,Movie,1982,TV-PG,"140 min"
"Kay Dyache Bola",Movie,2005,TV-14,"133 min"
Khalnayak,Movie,1993,TV-14,"170 min"
"Khosla Ka Ghosla",Movie,2006,TV-14,"124 min"
Khushi,Movie,2003,TV-14,"157 min"
"Kia and Cosmos",Movie,2018,TV-14,"124 min"
"Kill Bill: Vol. 2",Movie,2004,R,"137 min"
"Kis Kisko Pyaar Karoon",Movie,2015,TV-PG,"132 min"
Knowing,Movie,2009,PG-13,"121 min"
"Kuldip Patwal: I Didn't Do It!",Movie,2017,TV-MA,"126 min"
Kuppivala,Movie,2017,TV-14,"133 min"
"Kya Kehna",Movie,2000,TV-PG,"149 min"
"Kyun! Ho Gaya Na",Movie,2004,TV-PG,"165 min"
"Laal Rang",Movie,2016,TV-14,"143 min"
"Lalbaug Parel: Zali Mumbai Sonyachi",Movie,2010,TV-MA,"145 min"
"Le K Benzema",Movie,2017,TV-14,"121 min"
Lechmi,Movie,2017,TV-MA,"147 min"
Lincoln,Movie,2012,PG-13,"150 min"
Lolita,Movie,1962,R,"153 min"
"Lorai: Play to Live",Movie,2015,TV-14,"155 min"
"Love Ni Bhavai",Movie,2017,TV-14,"163 min"
"Lucky: No Time for Love",Movie,2005,TV-14,"131 min"
Madaari,Movie,2016,TV-14,"134 min"
"Maine Pyaar Kyun Kiya",Movie,2005,TV-14,"137 min"
"Maine Pyar Kiya",Movie,1989,TV-PG,"192 min"
"Mala Kahich Problem Nahi",Movie,2017,TV-PG,"132 min"
Mandi,Movie,1983,TV-MA,"155 min"
"Mary Poppins Returns",Movie,2018,PG,"131 min"
Masoom,Movie,1983,TV-14,"138 min"
Master,Movie,2016,NR,"143 min"
"Matichya Chuli",Movie,2006,TV-14,"132 min"
"Maza Pati Karodpati",Movie,1988,TV-PG,"132 min"
"Mi Shivajiraje Bhosale Boltoy",Movie,2009,TV-14,"148 min"
Milk,Movie,2008,R,"128 min"
"Minnaminugu the FireFly",Movie,2017,TV-14,"128 min"
Miracle,Movie,2004,PG,"136 min"
Mirzya,Movie,2016,TV-MA,"129 min"
"Miss Julie",Movie,2014,PG-13,"130 min"
"Molly's Game",Movie,2017,R,"141 min"
Moor,Movie,2015,TV-14,"135 min"
Morya,Movie,2011,TV-14,"121 min"
Mud,Movie,2012,PG-13,"131 min"
"Mujhse Shaadi Karogi",Movie,2004,TV-PG,"158 min"
"Mutiny on the Bounty",Movie,1962,TV-PG,"185 min"
"Namak Halaal",Movie,1982,TV-14,"171 min"
"National Treasure",Movie,2004,PG,"131 min"
"Natsamrat - Asa Nat Hone Nahi",Movie,2016,TV-14,"165 min"
Nibunan,Movie,2017,TV-14,"124 min"
"No Entry",Movie,2005,TV-PG,"161 min"
"Nymphomaniac: Volume II",Movie,2013,TV-MA,"124 min"
"Oasis: Supersonic",Movie,2016,R,"122 min"
"Ocean's Eleven",Movie,1960,TV-PG,"127 min"
"Ocean's Thirteen",Movie,2007,PG-13,"122 min"
"Ocean's Twelve",Movie,2004,PG-13,"125 min"
"Once Upon a Time in the West",Movie,1968,PG-13,"166 min"
"One Day",Movie,2016,TV-PG,"135 min"
"Operation Mekong",Movie,2016,TV-MA,"124 min"
"Operation Red Sea",Movie,2018,TV-MA,"139 min"
"Oru Vishsheshapetta Biryani Kissa",Movie,2017,TV-14,"122 min"
"P.S. I Love You",Movie,2007,PG-13,"126 min"
"Palm Trees in the Snow",Movie,2015,TV-MA,"163 min"
"Papa the Great",Movie,2000,TV-PG,"137 min"
Pardes,Movie,1997,TV-14,"187 min"
"Patiala House",Movie,2011,TV-PG,"140 min"
Philadelphia,Movie,1993,PG-13,"126 min"
"Phobia 2",Movie,2009,TV-MA,"125 min"
Pitaah,Movie,2002,TV-MA,"127 min"
"Plaire, aimer et courir vite",Movie,2018,TV-MA,"133 min"
"Playing for Time",Movie,1980,TV-14,"149 min"
"Premachi Goshta",Movie,2013,TV-14,"127 min"
"Primal Fear",Movie,1996,R,"131 min"
Pukar,Movie,2000,TV-14,"165 min"
"Pulp Fiction",Movie,1994,R,"154 min"
"Punjab 1984",Movie,2014,TV-14,"158 min"
"Pyaar Ka Punchnama",Movie,2011,TV-14,"149 min"
"Queen of the Desert",Movie,2015,PG-13,"128 min"
"Raging Bull",Movie,1980,R,"129 min"
"Railroad Tigers",Movie,2016,TV-14,"124 min"
"Raja Hindustani",Movie,1996,TV-14,"177 min"
"Ram Teri Ganga Maili",Movie,1985,TV-14,"178 min"
"Ramji Londonwaley",Movie,2005,TV-14,"154 min"
Rampant,Movie,2018,TV-MA,"122 min"
Rangreza,Movie,2017,TV-14,"126 min"
Ready,Movie,2011,TV-PG,"144 min"
"Road to Sangam",Movie,2010,TV-14,"136 min"
"Romeo Ranjha",Movie,2014,TV-14,"122 min"
"Rosemary's Baby",Movie,1968,R,"137 min"
Rounders,Movie,1998,R,"121 min"
Run,Movie,2004,TV-14,"134 min"
Rustom,Movie,2016,TV-14,"141 min"
Sadma,Movie,1983,TV-14,"137 min"
Sairat,Movie,2016,TV-14,"173 min"
Sakhi,Movie,2007,TV-PG,"152 min"
"Sanai Choughade",Movie,2008,TV-14,"122 min"
Sangam,Movie,1964,TV-14,"228 min"
"Sardaar ji",Movie,2015,TV-14,"140 min"
"Sardaarji 2",Movie,2016,TV-PG,"145 min"
"Sarivar Sari",Movie,2005,TV-14,"126 min"
"Sarvopari Palakkaran",Movie,2017,TV-14,"133 min"
"Sat Sri Akal",Movie,2008,TV-14,"141 min"
"Satrangi Re",Movie,2012,TV-14,"150 min"
"Satte Pe Satta",Movie,1982,TV-14,"153 min"
"Saving Mr. Banks",Movie,2013,PG-13,"126 min"
"Schindler's List",Movie,1993,R,"195 min"
"Scream 2",Movie,1997,R,"121 min"
"Sex and the City 2",Movie,2010,R,"146 min"
"Sex and the City: The Movie",Movie,2008,R,"145 min"
"SGT. Will Gardner",Movie,2019,TV-MA,"125 min"
"Shakti: The Power",Movie,2002,TV-MA,"168 min"
Shararat,Movie,2002,TV-PG,"148 min"
"Shaurya: It Takes Courage to Make Right... Right",Movie,2008,TV-14,"135 min"
"Sherlock Holmes",Movie,2009,PG-13,"128 min"
Shiva,Movie,1990,TV-MA,"168 min"
Shorgul,Movie,2016,TV-14,"122 min"
"Singh Saab the Great",Movie,2013,TV-14,"143 min"
Single,Movie,2015,TV-PG,"127 min"
"Sling Blade",Movie,1996,R,"135 min"
"Socha Na Tha",Movie,2005,TV-14,"137 min"
Soekarno,Movie,2013,TV-MA,"142 min"
"Solo: A Star Wars Story",Movie,2018,PG-13,"135 min"
"Solo: A Star Wars Story (Spanish Version)",Movie,2018,PG-13,"135 min"
"Something's Gotta Give",Movie,2003,PG-13,"128 min"
"Spider-Man 3",Movie,2007,PG-13,"139 min"
Spotlight,Movie,2015,R,"129 min"
"Star Wars: Episode VIII: The Last Jedi",Movie,2017,PG-13,"152 min"
"Story of an Egg",Movie,2017,TV-PG,"132 min"
"Stronger Than the World",Movie,2016,NR,"123 min"
Suburra,Movie,2015,NR,"135 min"
Suckseed,Movie,2011,TV-MA,"130 min"
"Super Nani",Movie,2014,TV-PG,"127 min"
"Superman Returns",Movie,2006,PG-13,"154 min"
Swami,Movie,1977,TV-PG,"123 min"
Taal,Movie,1999,TV-PG,"177 min"
"Teen Patti",Movie,2010,TV-PG,"137 min"
"Tees Maar Khan",Movie,2010,TV-PG,"125 min"
Teshan,Movie,2016,TV-PG,"133 min"
Tezz,Movie,2012,TV-MA,"121 min"
"The Age of Shadows",Movie,2016,TV-MA,"140 min"
"The Brave One",Movie,2007,R,"122 min"
"The Cell",Movie,2017,TV-MA,"126 min"
"The Congress",Movie,2013,TV-MA,"123 min"
"The Dark Side of Life: Mumbai City",Movie,2018,TV-MA,"121 min"
"The Departed",Movie,2006,R,"151 min"
"The Dreamer",Movie,2009,TV-PG,"121 min"
"The Figurine (Araromire)",Movie,2009,TV-14,"121 min"
"The Gathering",Movie,2003,TV-14,"124 min"
"The Girl with the Dragon Tattoo",Movie,2011,R,"158 min"
"The Gospel of John",Movie,2014,TV-14,"161 min"
"The Gospel of Luke",Movie,2015,TV-14,"205 min"
"The Gospel of Mark",Movie,2015,TV-14,"123 min"
"The Gospel of Matthew",Movie,2014,TV-14,"190 min"
"The Great Battle",Movie,2018,TV-MA,"136 min"
"The Great Gambler",Movie,1979,TV-14,"161 min"
"The Great Raid",Movie,2005,R,"133 min"
"The Help",Movie,2011,PG-13,"147 min"
"The Hundred-Foot Journey",Movie,2014,PG,"123 min"
"The Imaginarium of Doctor Parnassus",Movie,2009,PG-13,"123 min"
"The Last Face",Movie,2016,R,"131 min"
"The Lives of Others",Movie,2006,R,"138 min"
"The Longest Yard",Movie,1974,R,"121 min"
"The Lord of the Rings: The Return of the King",Movie,2003,PG-13,"201 min"
"The Lord of the Rings: The Two Towers",Movie,2002,PG-13,"179 min"
"The Mask of Zorro",Movie,1998,PG-13,"138 min"
"The Matrix",Movie,1999,R,"136 min"
"The Matrix Reloaded",Movie,2003,R,"138 min"
"The Matrix Revolutions",Movie,2003,R,"129 min"
"The Mayor",Movie,2017,TV-MA,"130 min"
"The Natural",Movie,1984,PG,"138 min"
"The Peacemaker",Movie,1997,R,"124 min"
"The Pelican Brief",Movie,1993,PG-13,"141 min"
"The Phantom of the Opera",Movie,2004,PG-13,"141 min"
"The Physician",Movie,2013,R,"155 min"
"The Place Beyond the Pines",Movie,2012,R,"140 min"
"The Plan",Movie,2015,TV-MA,"124 min"
"The Prison",Movie,2017,TV-MA,"125 min"
"The Rainmaker",Movie,1997,PG-13,"136 min"
"The Score",Movie,2001,R,"124 min"
"The Shaukeens",Movie,2014,TV-MA,"123 min"
"The Sinking Of Van Der Wijck",Movie,2013,TV-14,"163 min"
"The Social Network",Movie,2010,PG-13,"121 min"
"The Stanford Prison Experiment",Movie,2015,R,"122 min"
"The Talented Mr. Ripley",Movie,1999,R,"139 min"
"The World Is Not Enough",Movie,1999,PG-13,"128 min"
Thithi,Movie,2015,TV-MA,"123 min"
"Thong Dee Fun Khao",Movie,2017,TV-MA,"122 min"
"Thor: Ragnarok",Movie,2017,PG-13,"131 min"
"Thorne: Scaredy Cat",Movie,2010,NR,"125 min"
"Thorne: Sleepyhead",Movie,2010,NR,"125 min"
"Tikli and Laxmi Bomb",Movie,2017,TV-MA,"151 min"
"Time Please",Movie,2013,TV-14,"125 min"
"Traffic Signal",Movie,2007,TV-MA,"130 min"
"Trikal (Past, Present, Future)",Movie,1985,TV-14,"134 min"
Trimurti,Movie,1995,TV-PG,"173 min"
"True Grit",Movie,1969,G,"128 min"
Trumbo,Movie,2015,R,"124 min"
Tukaram,Movie,2012,TV-PG,"162 min"
Ugly,Movie,2013,NR,"125 min"
Urvi,Movie,2017,TV-MA,"121 min"
"USS Indianapolis: Men of Courage",Movie,2016,R,"130 min"
"V for Vendetta",Movie,2005,R,"132 min"
"Veerey Ki Wedding",Movie,2018,TV-14,"130 min"
"Viswasapoorvam Mansoor",Movie,2017,TV-14,"125 min"
Waar,Movie,2013,TV-MA,"130 min"
"War Horse",Movie,2011,PG-13,"147 min"
"Welcome 2 Karachi",Movie,2015,TV-MA,"124 min"
"What Lies Beneath",Movie,2000,PG-13,"130 min"
"World Trade Center",Movie,2006,PG-13,"129 min"
"Wrong No.",Movie,2015,TV-14,"133 min"
"Wrong Side Raju",Movie,2016,TV-MA,"140 min"
"Wyatt Earp",Movie,1994,PG-13,"191 min"
XXx,Movie,2002,PG-13,"124 min"
"Y.M.I.: Yeh Mera India",Movie,2008,TV-MA,"137 min"
Yaadein,Movie,2001,TV-14,"171 min"
"Yaara O Dildaara",Movie,2011,TV-14,"132 min"
"Yamla Pagla Deewana 2",Movie,2013,TV-14,"147 min"
"Yanda Kartavya Aahe",Movie,2006,TV-PG,"151 min"
"You Carry Me",Movie,2015,TV-MA,"157 min"
"Zed Plus",Movie,2014,TV-MA,"131 min"
Zodiac,Movie,2007,R,"158 min"
